{
  "threshold": 0.5,
  "roc_auc": 0.717013320869362,
  "pr_auc": 0.8947975886783102,
  "confusion_matrix": {
    "tn": 70,
    "fp": 40,
    "fn": 132,
    "tp": 257
  }
}